№;Наименование;Кол-во;Ед. изм.
1;Воздуховод ПП ф160 δ=3 мм (В1);10;мп
2;Воздуховод ПП ф200 δ=3 мм (В1);12;мп
3;Воздуховод ПП ф250 δ=3 мм (В1);14;мп
4;Воздуховод ПП ф315 δ=3 мм (В1);17;мп
5;Отвод 90° ПП ф160 (В1);2;шт
6;Отвод 90° ПП ф200 (В1);2;шт
7;Отвод 90° ПП ф250 (В1);2;шт
8;Отвод 90° ПП ф315 (В1);1;шт
9;Переход ПП ф200/ф160 L-300мм (В1);1;шт
10;Переход ПП ф250/ф200 L-300мм (В1);1;шт
11;Переход ПП ф315/ф250 L-300мм (В1);1;шт
12;Тройник ПП ф200-ф160 (В1);1;шт
13;Тройник ПП ф250-ф200 (В1);1;шт
14;Тройник ПП ф315-ф250 (В1);1;шт
15;Воздуховод ПП ф200 δ=3 мм (В2);12;мп
16;Воздуховод ПП ф250 δ=3 мм (В2);14;мп
17;Воздуховод ПП ф315 δ=3 мм (В2);17;мп
18;Воздуховод ПП ф400 δ=3 мм (В2);22;мп
19;Отвод 90° ПП ф200 (В2);2;шт
20;Отвод 90° ПП ф250 (В2);2;шт
21;Отвод 90° ПП ф315 (В2);1;шт
22;Отвод 90° ПП ф400 (В2);1;шт
23;Переход ПП ф250/ф200 L-300мм (В2);1;шт
24;Переход ПП ф315/ф250 L-300мм (В2);1;шт
25;Переход ПП ф400/ф315 L-300мм (В2);1;шт
26;Тройник ПП ф250-ф200 (В2);1;шт
27;Тройник ПП ф315-ф250 (В2);1;шт
28;Тройник ПП ф400-ф315 (В2);1;шт
29;Воздуховод ПП ф110 δ=3 мм (В3);7;мп
30;Воздуховод ПП ф125 δ=3 мм (В3);8;мп
31;Воздуховод ПП ф160 δ=3 мм (В3);10;мп
32;Отвод 90° ПП ф110 (В3);2;шт
33;Отвод 90° ПП ф125 (В3);2;шт
34;Отвод 90° ПП ф160 (В3);2;шт
35;Переход ПП ф125/ф110 L-300мм (В3);1;шт
36;Переход ПП ф160/ф125 L-300мм (В3);1;шт
37;Тройник ПП ф125-ф110 (В3);1;шт
38;Тройник ПП ф160-ф125 (В3);1;шт
39;Отвод 45° ПП ф250 (В2);4;шт
40;Заглушка ПП ф400 (В2);1;шт
41;Зонт крышный ф400 (В2);1;шт
42;Решётка ПП ф315 (В1);2;шт
43;Ниппель ПП ф200 (В1);3;шт
44;Ниппель ПП ф160 (В3);2;шт
45;Дроссель-клапан ПП ф250 (В2);2;шт
46;Дроссель-клапан ПП ф125 (В3);1;шт
47;Воздуховод прямоугольный ПП 400×300 δ=4 (В2);6;мп
48;Отвод 90° прямоугольный ПП 400×300 (В2);2;шт
49;Переход ПП 400×300/ф315 L-400мм (В2);1;шт
50;Гибкая вставка ф315 (В1);2;шт
51;Гибкая вставка ф400 (В2);2;шт
52;Хомут ф315 (В1);8;шт
53;Хомут ф160 (В3);6;шт
54;Виброизолятор под вентилятор (В2);4;шт
